Ticket Number,Rating,Comments,Submitted On
CHD-1001,5,"Fixed quickly, thank you!",2026-08-07
CHD-1002,2,"Took too long, I missed my class.",2026-08-07
CHD-1003,5,The agent explained everything clearly.,2026-08-10
CHD-1004,2,Problem came back the next day.,2026-08-12
CHD-1005,5,Great service.,2026-08-12
CHD-1006,2,Nobody updated me on progress.,2026-08-13
CHD-1007,4,Very helpful and polite.,2026-08-14
CHD-1008,3,"Okay, but I had to follow up twice.",2026-08-15
CHD-1009,5,"Fixed quickly, thank you!",2026-08-13
CHD-1010,2,"Took too long, I missed my class.",2026-08-18
CHD-1011,5,The agent explained everything clearly.,2026-08-18
CHD-1012,2,Problem came back the next day.,2026-08-21
