Student ID,Full Name,Email,Programme,Campus,Year
S2026101,Aisha Nair,aisha.nair@students.example.edu,BSc Computer Science,North,1
S2026102,Rahul Menon,rahul.menon@students.example.edu,BCA,South,2
S2026103,Meera Thomas,meera.thomas@students.example.edu,BCom,City,3
S2026104,Joseph Varghese,joseph.varghese@students.example.edu,BSc Physics,North,1
S2026105,Fathima Rahman,fathima.rahman@students.example.edu,MCA,South,2
S2026106,Arjun Pillai,arjun.pillai@students.example.edu,BA English,City,3
S2026107,Sneha George,sneha.george@students.example.edu,BSc Computer Science,North,1
S2026108,Mohammed Kurian,mohammed.kurian@students.example.edu,BCA,South,2
S2026109,Anjali Das,anjali.das@students.example.edu,BCom,City,3
S2026110,Vishnu Joseph,vishnu.joseph@students.example.edu,BSc Physics,North,1
S2026111,Nandana Krishnan,nandana.krishnan@students.example.edu,MCA,South,2
S2026112,Aditya Abraham,aditya.abraham@students.example.edu,BA English,City,3
S2026113,Riya Mathew,riya.mathew@students.example.edu,BSc Computer Science,North,1
S2026114,Hari Ali,hari.ali@students.example.edu,BCA,South,2
S2026115,Sara Paul,sara.paul@students.example.edu,BCom,City,3
S2026116,Kiran Suresh,kiran.suresh@students.example.edu,BSc Physics,North,1
S2026117,Devika Babu,devika.babu@students.example.edu,MCA,South,2
S2026118,Farhan Iqbal,farhan.iqbal@students.example.edu,BA English,City,3
S2026119,Gopika Raj,gopika.raj@students.example.edu,BSc Computer Science,North,1
S2026120,Nikhil Jacob,nikhil.jacob@students.example.edu,BCA,South,2
