Ticket Number,Title,Description,Category,Priority,Status,Campus,Student Email,Assigned To,Created On,Due Date
CHD-1001,Printer out of toner in library,The black and white printer on the ground floor of the library prints faded pages. It probably needs toner.,Printing,Medium,Closed,North,aisha.nair@students.example.edu,anu.sebastian@staff.example.edu,2026-08-03,2026-08-06
CHD-1002,Account locked after failed sign-ins,My account is locked after too many sign-in attempts. It is urgent because my online test starts at 2 pm.,Accounts,High,Closed,South,rahul.menon@students.example.edu,rahul.varma@staff.example.edu,2026-08-05,2026-08-06
CHD-1003,Need access to the research share drive,My supervisor asked me to save data to the Research share drive but I get an access denied message.,Accounts,Medium,Closed,City,meera.thomas@students.example.edu,meera.iyer@staff.example.edu,2026-08-06,2026-08-09
CHD-1004,Paper jam in lab 2 printer,The printer in lab 2 shows a paper jam error but there is no paper stuck inside.,Printing,Low,Closed,North,joseph.varghese@students.example.edu,joseph.mathew@staff.example.edu,2026-08-06,2026-08-11
CHD-1005,Mouse missing in lab 1,The mouse at seat 5 in lab 1 is missing. Please replace it before the practical session.,Hardware,Medium,Closed,South,fathima.rahman@students.example.edu,anu.sebastian@staff.example.edu,2026-08-08,2026-08-11
CHD-1006,MFA codes not received on new phone,I changed my phone and now I do not get the sign-in approval requests. I cannot open email or the LMS.,Accounts,Medium,Closed,City,arjun.pillai@students.example.edu,rahul.varma@staff.example.edu,2026-08-09,2026-08-12
CHD-1007,Microphone crackling in auditorium,The wireless microphone in the auditorium crackles and cuts out during talks.,Classroom AV,Medium,Closed,North,sneha.george@students.example.edu,meera.iyer@staff.example.edu,2026-08-10,2026-08-13
CHD-1008,Scanner not sending to email,The scan-to-email option on the admin block copier fails with a server error.,Printing,Medium,Closed,South,mohammed.kurian@students.example.edu,joseph.mathew@staff.example.edu,2026-08-11,2026-08-14
CHD-1009,Cannot connect to VPN from home,The VPN client shows an authentication error when I try to connect from home. I need it to reach the lab servers for my project due Friday.,Network,High,Closed,City,anjali.das@students.example.edu,anu.sebastian@staff.example.edu,2026-08-11,2026-08-12
CHD-1010,Browser crashes when opening the LMS,Chrome closes suddenly every time I open a quiz in the learning management system.,Software,Low,Closed,North,vishnu.joseph@students.example.edu,rahul.varma@staff.example.edu,2026-08-12,2026-08-17
CHD-1011,MATLAB licence error,MATLAB shows a licence manager error when I open it in lab 3.,Software,Medium,Closed,South,nandana.krishnan@students.example.edu,meera.iyer@staff.example.edu,2026-08-14,2026-08-17
CHD-1012,Very slow internet in lab 2,Downloads in computer lab 2 are extremely slow. A 200 MB file took over twenty minutes.,Network,Low,Closed,City,aditya.abraham@students.example.edu,joseph.mathew@staff.example.edu,2026-08-15,2026-08-20
CHD-1013,Cannot install Python on lab PC,I need Python 3 for my data science assignment but the installer says I do not have permission.,Software,Low,Closed,North,riya.mathew@students.example.edu,anu.sebastian@staff.example.edu,2026-08-15,2026-08-20
CHD-1014,Projector not working in Hall B,The projector in Hall B shows no signal when I connect my laptop by HDMI. I have a presentation at 10 am.,Classroom AV,High,Closed,South,hari.ali@students.example.edu,rahul.varma@staff.example.edu,2026-08-17,2026-08-18
CHD-1015,Screen flickering on library PC,The monitor on library PC L-07 flickers and sometimes goes black for a few seconds.,Hardware,Medium,Closed,City,sara.paul@students.example.edu,meera.iyer@staff.example.edu,2026-08-17,2026-08-20
CHD-1016,Office asks to activate again,Microsoft Office on my laptop keeps asking me to sign in and activate even after I sign in.,Software,Low,Closed,North,kiran.suresh@students.example.edu,joseph.mathew@staff.example.edu,2026-08-19,2026-08-24
CHD-1017,Laptop will not charge,My college laptop stopped charging yesterday. The charger light is on but the battery stays at 3 percent. I have an exam on Monday.,Hardware,High,In progress,South,devika.babu@students.example.edu,anu.sebastian@staff.example.edu,2026-08-19,2026-08-20
CHD-1018,Antivirus blocking my project files,The antivirus deleted a file from my programming project folder saying it is a threat. It is my own code.,Software,Low,In progress,City,farhan.iqbal@students.example.edu,rahul.varma@staff.example.edu,2026-08-20,2026-08-25
CHD-1019,Keyboard keys not working,"Several keys on the desktop keyboard in lab 4 seat 12 do not respond, including E and R.",Hardware,Medium,In progress,North,gopika.raj@students.example.edu,meera.iyer@staff.example.edu,2026-08-21,2026-08-24
CHD-1020,New student cannot sign in,I joined this week and my username is not recognised on any college system.,Accounts,Medium,In progress,South,nikhil.jacob@students.example.edu,joseph.mathew@staff.example.edu,2026-08-22,2026-08-25
CHD-1021,No sound from classroom speakers,The speakers in room 305 give no sound from the lecturer PC.,Classroom AV,Medium,In progress,North,aisha.nair@students.example.edu,anu.sebastian@staff.example.edu,2026-08-24,2026-08-27
CHD-1022,No network in hostel block C,The wired network ports in hostel block C room 214 have no connection. The light on the port does not turn on.,Network,Low,In progress,South,rahul.menon@students.example.edu,rahul.varma@staff.example.edu,2026-08-24,2026-08-29
CHD-1023,Forgot my password,I forgot my student portal password and the reset email is not arriving. I have checked my spam folder.,Accounts,Medium,Open,City,meera.thomas@students.example.edu,,2026-08-26,2026-08-29
CHD-1024,Lecture capture did not record,Yesterday's 9 am lecture in room 110 was not recorded by the lecture capture system.,Classroom AV,Low,Open,North,joseph.varghese@students.example.edu,,2026-08-26,2026-08-31
CHD-1025,Wi-Fi keeps disconnecting in the library,Since this morning my laptop drops the CampusNet Wi-Fi every few minutes on the second floor of the library. Other students near me have the same problem.,Network,Medium,Open,South,fathima.rahman@students.example.edu,,2026-08-28,2026-08-31
CHD-1026,Laptop overheating and shutting down,My loan laptop gets very hot and shuts down when I run the simulation software.,Hardware,Low,Open,City,arjun.pillai@students.example.edu,,2026-08-28,2026-09-02
CHD-1027,Print credits not added,I paid for 100 print credits yesterday but my balance still shows 0.,Printing,Low,Open,North,sneha.george@students.example.edu,,2026-08-29,2026-09-03
CHD-1028,Guest Wi-Fi not working for visitors,Visitors for the seminar cannot open the guest Wi-Fi sign-in page. It keeps loading forever.,Network,Medium,Open,South,mohammed.kurian@students.example.edu,,2026-08-31,2026-09-03
