First Name,Last Name,Email,Student ID,Campus
Aisha,Nair,aisha.nair@students.example.edu,S2026101,North
Rahul,Menon,rahul.menon@students.example.edu,S2026102,South
Meera,Thomas,meera.thomas@students.example.edu,S2026103,City
Joseph,Varghese,joseph.varghese@students.example.edu,S2026104,North
Fathima,Rahman,fathima.rahman@students.example.edu,S2026105,South
Arjun,Pillai,arjun.pillai@students.example.edu,S2026106,City
Sneha,George,sneha.george@students.example.edu,S2026107,North
Mohammed,Kurian,mohammed.kurian@students.example.edu,S2026108,South
Anjali,Das,anjali.das@students.example.edu,S2026109,City
Vishnu,Joseph,vishnu.joseph@students.example.edu,S2026110,North
Nandana,Krishnan,nandana.krishnan@students.example.edu,S2026111,South
Aditya,Abraham,aditya.abraham@students.example.edu,S2026112,City
Riya,Mathew,riya.mathew@students.example.edu,S2026113,North
Hari,Ali,hari.ali@students.example.edu,S2026114,South
Sara,Paul,sara.paul@students.example.edu,S2026115,City
Kiran,Suresh,kiran.suresh@students.example.edu,S2026116,North
Devika,Babu,devika.babu@students.example.edu,S2026117,South
Farhan,Iqbal,farhan.iqbal@students.example.edu,S2026118,City
Gopika,Raj,gopika.raj@students.example.edu,S2026119,North
Nikhil,Jacob,nikhil.jacob@students.example.edu,S2026120,South
